{"grade": "一", "no": "1", "question": "8+1", "answer": "9"}
{"grade": "一", "no": "2", "question": "3+5", "answer": "8"}
{"grade": "一", "no": "3", "question": "9-3", "answer": "6"}
{"grade": "一", "no": "4", "question": "7-4", "answer": "3"}
{"grade": "一", "no": "5", "question": "2+6", "answer": "8"}
{"grade": "一", "no": "6", "question": "10-5", "answer": "5"}
{"grade": "一", "no": "7", "question": "4+3", "answer": "7"}
{"grade": "一", "no": "8", "question": "6-2", "answer": "4"}
{"grade": "一", "no": "9", "question": "1+7", "answer": "8"}
{"grade": "一", "no": "10", "question": "5-0", "answer": "5"}
{"grade": "一", "no": "11", "question": "0+9", "answer": "9"}
{"grade": "一", "no": "12", "question": "8-6", "answer": "2"}
{"grade": "一", "no": "13", "question": "7+2", "answer": "9"}
{"grade": "一", "no": "14", "question": "10-1", "answer": "9"}
{"grade": "一", "no": "15", "question": "3+6", "answer": "9"}
{"grade": "一", "no": "16", "question": "9-5", "answer": "4"}
{"grade": "一", "no": "17", "question": "4+5", "answer": "9"}
{"grade": "一", "no": "18", "question": "6-0", "answer": "6"}
{"grade": "一", "no": "19", "question": "2+7", "answer": "9"}
{"grade": "一", "no": "20", "question": "8-0", "answer": "8"}
{"grade": "一", "no": "21", "question": "1+8", "answer": "9"}
{"grade": "一", "no": "22", "question": "10-7", "answer": "3"}
{"grade": "一", "no": "23", "question": "5+4", "answer": "9"}
{"grade": "一", "no": "24", "question": "7-1", "answer": "6"}
{"grade": "一", "no": "25", "question": "0+8", "answer": "8"}
{"grade": "一", "no": "26", "question": "9-2", "answer": "7"}
{"grade": "一", "no": "27", "question": "6+3", "answer": "9"}
{"grade": "一", "no": "28", "question": "4-0", "answer": "4"}
{"grade": "一", "no": "29", "question": "3+7", "answer": "10"}
{"grade": "一", "no": "30", "question": "10-2", "answer": "8"}
{"grade": "一", "no": "31", "question": "2+8", "answer": "10"}
{"grade": "一", "no": "32", "question": "5-3", "answer": "2"}
{"grade": "一", "no": "33", "question": "7+0", "answer": "7"}
{"grade": "一", "no": "34", "question": "9-1", "answer": "8"}
{"grade": "一", "no": "35", "question": "4+6", "answer": "10"}
{"grade": "一", "no": "36", "question": "8-3", "answer": "5"}
{"grade": "一", "no": "37", "question": "1+9", "answer": "10"}
{"grade": "一", "no": "38", "question": "6-1", "answer": "5"}
{"grade": "一", "no": "39", "question": "5+5", "answer": "10"}
{"grade": "一", "no": "40", "question": "10-4", "answer": "6"}
{"grade": "一", "no": "41", "question": "0+10", "answer": "10"}
{"grade": "一", "no": "42", "question": "7-0", "answer": "7"}
{"grade": "一", "no": "43", "question": "3+4", "answer": "7"}
{"grade": "一", "no": "44", "question": "9-0", "answer": "9"}
{"grade": "一", "no": "45", "question": "2+5", "answer": "7"}
{"grade": "一", "no": "46", "question": "8-4", "answer": "4"}
{"grade": "一", "no": "47", "question": "1+6", "answer": "7"}
{"grade": "一", "no": "48", "question": "5-1", "answer": "4"}
{"grade": "一", "no": "49", "question": "0+7", "answer": "7"}
{"grade": "一", "no": "50", "question": "10-3", "answer": "7"}
{"grade": "一", "no": "51", "question": "6+4", "answer": "10"}
{"grade": "一", "no": "52", "question": "7-5", "answer": "2"}
{"grade": "一", "no": "53", "question": "3+3", "answer": "6"}
{"grade": "一", "no": "54", "question": "8-2", "answer": "6"}
{"grade": "一", "no": "55", "question": "2+4", "answer": "6"}
{"grade": "一", "no": "56", "question": "9-4", "answer": "5"}
{"grade": "一", "no": "57", "question": "1+5", "answer": "6"}
{"grade": "一", "no": "58", "question": "6-3", "answer": "3"}
{"grade": "一", "no": "59", "question": "0+6", "answer": "6"}
{"grade": "一", "no": "60", "question": "10-6", "answer": "4"}
{"grade": "一", "no": "61", "question": "4+4", "answer": "8"}
{"grade": "一", "no": "62", "question": "7-3", "answer": "4"}
{"grade": "一", "no": "63", "question": "3+2", "answer": "5"}
{"grade": "一", "no": "64", "question": "8-5", "answer": "3"}
{"grade": "一", "no": "65", "question": "2+3", "answer": "5"}
{"grade": "一", "no": "66", "question": "9-6", "answer": "3"}
{"grade": "一", "no": "67", "question": "1+4", "answer": "5"}
{"grade": "一", "no": "68", "question": "6-4", "answer": "2"}
{"grade": "一", "no": "69", "question": "0+5", "answer": "5"}
{"grade": "一", "no": "70", "question": "10-8", "answer": "2"}
{"grade": "一", "no": "71", "question": "5+2", "answer": "7"}
{"grade": "一", "no": "72", "question": "7-2", "answer": "5"}
{"grade": "一", "no": "73", "question": "3+1", "answer": "4"}
{"grade": "一", "no": "74", "question": "8-7", "answer": "1"}
{"grade": "一", "no": "75", "question": "2+2", "answer": "4"}
{"grade": "一", "no": "76", "question": "9-7", "answer": "2"}
{"grade": "一", "no": "77", "question": "1+3", "answer": "4"}
{"grade": "一", "no": "78", "question": "6-5", "answer": "1"}
{"grade": "一", "no": "79", "question": "0+4", "answer": "4"}
{"grade": "一", "no": "80", "question": "10-9", "answer": "1"}
{"grade": "一", "no": "81", "question": "4-1", "answer": "3"}
{"grade": "一", "no": "82", "question": "3+0", "answer": "3"}
{"grade": "一", "no": "83", "question": "5-2", "answer": "3"}
{"grade": "一", "no": "84", "question": "2+1", "answer": "3"}
{"grade": "一", "no": "85", "question": "9-8", "answer": "1"}
{"grade": "一", "no": "86", "question": "1+2", "answer": "3"}
{"grade": "一", "no": "87", "question": "6-6", "answer": "0"}
{"grade": "一", "no": "88", "question": "0+3", "answer": "3"}
{"grade": "一", "no": "89", "question": "10-10", "answer": "0"}
{"grade": "一", "no": "90", "question": "4-2", "answer": "2"}
{"grade": "一", "no": "91", "question": "3+0", "answer": "3"}
{"grade": "一", "no": "92", "question": "5-4", "answer": "1"}
{"grade": "一", "no": "93", "question": "2+0", "answer": "2"}
{"grade": "一", "no": "94", "question": "9-9", "answer": "0"}
{"grade": "一", "no": "95", "question": "1+1", "answer": "2"}
{"grade": "一", "no": "96", "question": "7-6", "answer": "1"}
{"grade": "一", "no": "97", "question": "0+2", "answer": "2"}
{"grade": "一", "no": "98", "question": "8-8", "answer": "0"}
{"grade": "一", "no": "99", "question": "4-3", "answer": "1"}
{"grade": "一", "no": "100", "question": "3-2", "answer": "1"}
{"grade": "二", "no": "101", "question": "15+23-10", "answer": "28"}
{"grade": "二", "no": "102", "question": "40-12+5", "answer": "33"}
{"grade": "二", "no": "103", "question": "8+17+9", "answer": "34"}
{"grade": "二", "no": "104", "question": "30-5-11", "answer": "14"}
{"grade": "二", "no": "105", "question": "22+18-7", "answer": "33"}
{"grade": "二", "no": "106", "question": "45-20+15", "answer": "40"}
{"grade": "二", "no": "107", "question": "12+13+14", "answer": "39"}
{"grade": "二", "no": "108", "question": "50-10-8", "answer": "32"}
{"grade": "二", "no": "109", "question": "11+19+6", "answer": "36"}
{"grade": "二", "no": "110", "question": "38-15+2", "answer": "25"}
{"grade": "二", "no": "111", "question": "7+25-10", "answer": "22"}
{"grade": "二", "no": "112", "question": "42-8+13", "answer": "47"}
{"grade": "二", "no": "113", "question": "16+14+10", "answer": "40"}
{"grade": "二", "no": "114", "question": "35-7-9", "answer": "19"}
{"grade": "二", "no": "115", "question": "20+20-15", "answer": "25"}
{"grade": "二", "no": "116", "question": "48-18+3", "answer": "33"}
{"grade": "二", "no": "117", "question": "9+21+10", "answer": "40"}
{"grade": "二", "no": "118", "question": "40-10-10", "answer": "20"}
{"grade": "二", "no": "119", "question": "13+17+5", "answer": "35"}
{"grade": "二", "no": "120", "question": "33-11+8", "answer": "30"}
{"grade": "二", "no": "121", "question": "6+19-8", "answer": "17"}
{"grade": "二", "no": "122", "question": "41-10+15", "answer": "46"}
{"grade": "二", "no": "123", "question": "10+15+20", "answer": "45"}
{"grade": "二", "no": "124", "question": "49-9-12", "answer": "28"}
{"grade": "二", "no": "125", "question": "25+15-10", "answer": "30"}
{"grade": "二", "no": "126", "question": "37-12+5", "answer": "30"}
{"grade": "二", "no": "127", "question": "18+12+10", "answer": "40"}
{"grade": "二", "no": "128", "question": "44-20-4", "answer": "20"}
{"grade": "二", "no": "129", "question": "14+16+10", "answer": "40"}
{"grade": "二", "no": "130", "question": "39-10+1", "answer": "30"}
{"grade": "二", "no": "131", "question": "5+20+15", "answer": "40"}
{"grade": "二", "no": "101", "question": "15+23-10", "answer": "28"}
{"grade": "二", "no": "102", "question": "40-12+5", "answer": "33"}
{"grade": "二", "no": "103", "question": "8+17+9", "answer": "34"}
{"grade": "二", "no": "104", "question": "30-5-11", "answer": "14"}
{"grade": "二", "no": "105", "question": "22+18-7", "answer": "33"}
{"grade": "二", "no": "106", "question": "45-20+15", "answer": "40"}
{"grade": "二", "no": "107", "question": "12+13+14", "answer": "39"}
{"grade": "二", "no": "108", "question": "50-10-8", "answer": "32"}
{"grade": "二", "no": "109", "question": "11+19+6", "answer": "36"}
{"grade": "二", "no": "110", "question": "38-15+2", "answer": "25"}
{"grade": "二", "no": "111", "question": "7+25-10", "answer": "22"}
{"grade": "二", "no": "112", "question": "42-8+13", "answer": "47"}
{"grade": "二", "no": "113", "question": "16+14+10", "answer": "40"}
{"grade": "二", "no": "114", "question": "35-7-9", "answer": "19"}
{"grade": "二", "no": "115", "question": "20+20-15", "answer": "25"}
{"grade": "二", "no": "116", "question": "48-18+3", "answer": "33"}
{"grade": "二", "no": "117", "question": "9+21+10", "answer": "40"}
{"grade": "二", "no": "118", "question": "40-10-10", "answer": "20"}
{"grade": "二", "no": "119", "question": "13+17+5", "answer": "35"}
{"grade": "二", "no": "120", "question": "33-11+8", "answer": "30"}
{"grade": "二", "no": "121", "question": "6+19-8", "answer": "17"}
{"grade": "二", "no": "122", "question": "41-10+15", "answer": "46"}
{"grade": "二", "no": "123", "question": "10+15+20", "answer": "45"}
{"grade": "二", "no": "124", "question": "49-9-12", "answer": "28"}
{"grade": "二", "no": "125", "question": "25+15-10", "answer": "30"}
{"grade": "二", "no": "126", "question": "37-12+5", "answer": "30"}
{"grade": "二", "no": "127", "question": "18+12+10", "answer": "40"}
{"grade": "二", "no": "128", "question": "44-20-4", "answer": "20"}
{"grade": "二", "no": "129", "question": "14+16+10", "answer": "40"}
{"grade": "二", "no": "130", "question": "39-10+1", "answer": "30"}
{"grade": "二", "no": "131", "question": "5+20+15", "answer": "40"}
{"grade": "二", "no": "132", "question": "46-16-10", "answer": "20"}
{"grade": "二", "no": "133", "question": "21+10+10", "answer": "41"}
{"grade": "二", "no": "134", "question": "36-6+10", "answer": "40"}
{"grade": "二", "no": "135", "question": "17+13+15", "answer": "45"}
{"grade": "二", "no": "136", "question": "43-13-10", "answer": "20"}
{"grade": "二", "no": "137", "question": "24+10+5", "answer": "39"}
{"grade": "二", "no": "138", "question": "31-11+20", "answer": "40"}
{"grade": "二", "no": "139", "question": "19+11+10", "answer": "40"}
{"grade": "二", "no": "140", "question": "47-17-10", "answer": "20"}
{"grade": "二", "no": "141", "question": "28+10+10", "answer": "48"}
{"grade": "二", "no": "142", "question": "32-12+10", "answer": "30"}
{"grade": "二", "no": "143", "question": "15+15+15", "answer": "45"}
{"grade": "二", "no": "144", "question": "40-15-5", "answer": "20"}
{"grade": "二", "no": "145", "question": "26+14+5", "answer": "45"}
{"grade": "二", "no": "146", "question": "34-14+10", "answer": "30"}
{"grade": "二", "no": "147", "question": "10+10+10", "answer": "30"}
{"grade": "二", "no": "148", "question": "50-20-10", "answer": "20"}
{"grade": "二", "no": "149", "question": "23+17+5", "answer": "45"}
{"grade": "二", "no": "150", "question": "30-10+20", "answer": "40"}
{"grade": "二", "no": "151", "question": "12+18+10", "answer": "40"}
{"grade": "二", "no": "152", "question": "45-15-10", "answer": "20"}
{"grade": "二", "no": "153", "question": "27+13+5", "answer": "45"}
{"grade": "二", "no": "154", "question": "35-15+10", "answer": "30"}
{"grade": "二", "no": "155", "question": "16+14+15", "answer": "45"}
{"grade": "二", "no": "156", "question": "42-12-10", "answer": "20"}
{"grade": "二", "no": "157", "question": "29+11+5", "answer": "45"}
{"grade": "二", "no": "158", "question": "38-18+10", "answer": "30"}
{"grade": "二", "no": "159", "question": "10+20+15", "answer": "45"}
{"grade": "二", "no": "160", "question": "40-20+10", "answer": "30"}
{"grade": "二", "no": "161", "question": "22+18+5", "answer": "45"}
{"grade": "二", "no": "162", "question": "33-13+10", "answer": "30"}
{"grade": "二", "no": "163", "question": "11+19+15", "answer": "45"}
{"grade": "二", "no": "164", "question": "41-11-10", "answer": "20"}
{"grade": "二", "no": "165", "question": "24+16+5", "answer": "45"}
{"grade": "二", "no": "166", "question": "36-16+10", "answer": "30"}
{"grade": "二", "no": "167", "question": "13+17+15", "answer": "45"}
{"grade": "二", "no": "168", "question": "43-13-5", "answer": "25"}
{"grade": "二", "no": "169", "question": "25+15+5", "answer": "45"}
{"grade": "二", "no": "170", "question": "37-17+10", "answer": "30"}
{"grade": "二", "no": "171", "question": "18+12+15", "answer": "45"}
{"grade": "二", "no": "172", "question": "44-14-10", "answer": "20"}
{"grade": "二", "no": "173", "question": "26+14+10", "answer": "50"}
{"grade": "二", "no": "174", "question": "39-19+10", "answer": "30"}
{"grade": "二", "no": "175", "question": "14+16+15", "answer": "45"}
{"grade": "二", "no": "176", "question": "47-7-10", "answer": "30"}
{"grade": "二", "no": "177", "question": "28+12+5", "answer": "45"}
{"grade": "二", "no": "178", "question": "32-12+20", "answer": "40"}
{"grade": "二", "no": "179", "question": "15+20+10", "answer": "45"}
{"grade": "二", "no": "180", "question": "48-18+10", "answer": "40"}
{"grade": "二", "no": "181", "question": "20+20+5", "answer": "45"}
{"grade": "二", "no": "182", "question": "30-10+15", "answer": "35"}
{"grade": "二", "no": "183", "question": "10+10+20", "answer": "40"}
{"grade": "二", "no": "184", "question": "50-25-5", "answer": "20"}
{"grade": "二", "no": "185", "question": "23+10+15", "answer": "48"}
{"grade": "二", "no": "186", "question": "31-10+25", "answer": "46"}
{"grade": "二", "no": "187", "question": "17+10+20", "answer": "47"}
{"grade": "二", "no": "188", "question": "49-19-10", "answer": "20"}
{"grade": "二", "no": "189", "question": "21+15+10", "answer": "46"}
{"grade": "二", "no": "190", "question": "34-14+20", "answer": "40"}
{"grade": "二", "no": "191", "question": "19+10+20", "answer": "49"}
{"grade": "二", "no": "192", "question": "46-16-15", "answer": "15"}
{"grade": "二", "no": "193", "question": "27+10+10", "answer": "47"}
{"grade": "二", "no": "194", "question": "35-10+15", "answer": "40"}
{"grade": "二", "no": "195", "question": "16+20+10", "answer": "46"}
{"grade": "二", "no": "196", "question": "42-10-12", "answer": "20"}
{"grade": "二", "no": "197", "question": "29+10+10", "answer": "49"}
{"grade": "二", "no": "198", "question": "38-10+15", "answer": "43"}
{"grade": "二", "no": "199", "question": "10+10+30", "answer": "50"}
{"grade": "二", "no": "200", "question": "50-10-10", "answer": "30"}
{"grade": "二", "no": "201", "question": "5x6", "answer": "30"}
{"grade": "二", "no": "202", "question": "7x8", "answer": "56"}
{"grade": "二", "no": "203", "question": "3x9", "answer": "27"}
{"grade": "二", "no": "204", "question": "4x7", "answer": "28"}
{"grade": "二", "no": "205", "question": "9x2", "answer": "18"}
{"grade": "二", "no": "206", "question": "6x8", "answer": "48"}
{"grade": "二", "no": "207", "question": "2x5", "answer": "10"}
{"grade": "二", "no": "208", "question": "8x4", "answer": "32"}
{"grade": "二", "no": "209", "question": "1x9", "answer": "9"}
{"grade": "二", "no": "210", "question": "0x7", "answer": "0"}
{"grade": "二", "no": "211", "question": "5x5", "answer": "25"}
{"grade": "二", "no": "212", "question": "7x3", "answer": "21"}
{"grade": "二", "no": "213", "question": "3x6", "answer": "18"}
{"grade": "二", "no": "214", "question": "4x9", "answer": "36"}
{"grade": "二", "no": "215", "question": "9x8", "answer": "72"}
{"grade": "二", "no": "216", "question": "6x7", "answer": "42"}
{"grade": "二", "no": "217", "question": "2x4", "answer": "8"}
{"grade": "二", "no": "218", "question": "8x5", "answer": "40"}
{"grade": "二", "no": "219", "question": "1x6", "answer": "6"}
{"grade": "二", "no": "220", "question": "0x8", "answer": "0"}
{"grade": "二", "no": "221", "question": "5x9", "answer": "45"}
{"grade": "二", "no": "222", "question": "7x7", "answer": "49"}
{"grade": "二", "no": "223", "question": "3x2", "answer": "6"}
{"grade": "二", "no": "224", "question": "4x6", "answer": "24"}
{"grade": "二", "no": "225", "question": "9x5", "answer": "45"}
{"grade": "二", "no": "226", "question": "6x9", "answer": "54"}
{"grade": "二", "no": "227", "question": "2x8", "answer": "16"}
{"grade": "二", "no": "228", "question": "8x3", "answer": "24"}
{"grade": "二", "no": "229", "question": "1x5", "answer": "5"}
{"grade": "二", "no": "230", "question": "0x9", "answer": "0"}
{"grade": "二", "no": "231", "question": "5x4", "answer": "20"}
{"grade": "二", "no": "232", "question": "7x9", "answer": "63"}
{"grade": "二", "no": "233", "question": "3x8", "answer": "24"}
{"grade": "二", "no": "234", "question": "4x5", "answer": "20"}
{"grade": "二", "no": "235", "question": "9x7", "answer": "63"}
{"grade": "二", "no": "236", "question": "6x6", "answer": "36"}
{"grade": "二", "no": "237", "question": "2x9", "answer": "18"}
{"grade": "二", "no": "238", "question": "8x2", "answer": "16"}
{"grade": "二", "no": "239", "question": "1x4", "answer": "4"}
{"grade": "二", "no": "240", "question": "0x6", "answer": "0"}
{"grade": "二", "no": "241", "question": "5x8", "answer": "40"}
{"grade": "二", "no": "242", "question": "7x2", "answer": "14"}
{"grade": "二", "no": "243", "question": "3x5", "answer": "15"}
{"grade": "二", "no": "244", "question": "4x4", "answer": "16"}
{"grade": "二", "no": "245", "question": "9x6", "answer": "54"}
{"grade": "二", "no": "246", "question": "6x5", "answer": "30"}
{"grade": "二", "no": "247", "question": "2x7", "answer": "14"}
{"grade": "二", "no": "248", "question": "8x9", "answer": "72"}
{"grade": "二", "no": "249", "question": "1x3", "answer": "3"}
{"grade": "二", "no": "250", "question": "0x5", "answer": "0"}
{"grade": "二", "no": "251", "question": "5x7", "answer": "35"}
{"grade": "二", "no": "252", "question": "7x4", "answer": "28"}
{"grade": "二", "no": "253", "question": "3x7", "answer": "21"}
{"grade": "二", "no": "254", "question": "4x8", "answer": "32"}
{"grade": "二", "no": "255", "question": "9x3", "answer": "27"}
{"grade": "二", "no": "256", "question": "6x4", "answer": "24"}
{"grade": "二", "no": "257", "question": "2x6", "answer": "12"}
{"grade": "二", "no": "258", "question": "8x7", "answer": "56"}
{"grade": "二", "no": "259", "question": "1x2", "answer": "2"}
{"grade": "二", "no": "260", "question": "0x4", "answer": "0"}
{"grade": "二", "no": "261", "question": "5x3", "answer": "15"}
{"grade": "二", "no": "262", "question": "7x5", "answer": "35"}
{"grade": "二", "no": "263", "question": "3x4", "answer": "12"}
{"grade": "二", "no": "264", "question": "4x3", "answer": "12"}
{"grade": "二", "no": "265", "question": "9x4", "answer": "36"}
{"grade": "二", "no": "266", "question": "6x2", "answer": "12"}
{"grade": "二", "no": "267", "question": "2x3", "answer": "6"}
{"grade": "二", "no": "268", "question": "8x6", "answer": "48"}
{"grade": "二", "no": "269", "question": "1x1", "answer": "1"}
{"grade": "二", "no": "270", "question": "0x3", "answer": "0"}
{"grade": "二", "no": "271", "question": "5x2", "answer": "10"}
{"grade": "二", "no": "272", "question": "7x6", "answer": "42"}
{"grade": "二", "no": "273", "question": "3x3", "answer": "9"}
{"grade": "二", "no": "274", "question": "4x2", "answer": "8"}
{"grade": "二", "no": "275", "question": "9x1", "answer": "9"}
{"grade": "二", "no": "276", "question": "6x3", "answer": "18"}
{"grade": "二", "no": "277", "question": "2x1", "answer": "2"}
{"grade": "二", "no": "278", "question": "8x1", "answer": "8"}
{"grade": "二", "no": "279", "question": "1x0", "answer": "0"}
{"grade": "二", "no": "280", "question": "0x2", "answer": "0"}
{"grade": "二", "no": "281", "question": "5x1", "answer": "5"}
{"grade": "二", "no": "282", "question": "7x1", "answer": "7"}
{"grade": "二", "no": "283", "question": "3x1", "answer": "3"}
{"grade": "二", "no": "284", "question": "4x1", "answer": "4"}
{"grade": "二", "no": "285", "question": "9x0", "answer": "0"}
{"grade": "二", "no": "286", "question": "6x1", "answer": "6"}
{"grade": "二", "no": "287", "question": "2x0", "answer": "0"}
{"grade": "二", "no": "288", "question": "8x0", "answer": "0"}
{"grade": "二", "no": "289", "question": "1x7", "answer": "7"}
{"grade": "二", "no": "290", "question": "0x1", "answer": "0"}
{"grade": "二", "no": "291", "question": "5x0", "answer": "0"}
{"grade": "二", "no": "292", "question": "7x0", "answer": "0"}
{"grade": "二", "no": "293", "question": "3x0", "answer": "0"}
{"grade": "二", "no": "294", "question": "4x0", "answer": "0"}
{"grade": "二", "no": "295", "question": "9x9", "answer": "81"}
{"grade": "二", "no": "296", "question": "6x0", "answer": "0"}
{"grade": "二", "no": "297", "question": "2x2", "answer": "4"}
{"grade": "二", "no": "298", "question": "8x8", "answer": "64"}
{"grade": "二", "no": "299", "question": "1x8", "answer": "8"}
{"grade": "二", "no": "300", "question": "0x0", "answer": "0"}
{"grade": "三", "no": "301", "question": "132+268", "answer": "400"}
{"grade": "三", "no": "302", "question": "450-125", "answer": "325"}
{"grade": "三", "no": "303", "question": "200+199", "answer": "399"}
{"grade": "三", "no": "304", "question": "375-80", "answer": "295"}
{"grade": "三", "no": "305", "question": "110+390", "answer": "500"}
{"grade": "三", "no": "306", "question": "499-1", "answer": "498"}
{"grade": "三", "no": "307", "question": "250+150", "answer": "400"}
{"grade": "三", "no": "308", "question": "320-70", "answer": "250"}
{"grade": "三", "no": "309", "question": "180+220", "answer": "400"}
{"grade": "三", "no": "310", "question": "410-100", "answer": "310"}
{"grade": "三", "no": "311", "question": "50+450", "answer": "500"}
{"grade": "三", "no": "312", "question": "300-150", "answer": "150"}
{"grade": "三", "no": "313", "question": "175+125", "answer": "300"}
{"grade": "三", "no": "314", "question": "420-200", "answer": "220"}
{"grade": "三", "no": "315", "question": "210+240", "answer": "450"}
{"grade": "三", "no": "316", "question": "380-130", "answer": "250"}
{"grade": "三", "no": "317", "question": "140+360", "answer": "500"}
{"grade": "三", "no": "318", "question": "470-250", "answer": "220"}
{"grade": "三", "no": "319", "question": "230+170", "answer": "400"}
{"grade": "三", "no": "320", "question": "390-110", "answer": "280"}
{"grade": "三", "no": "321", "question": "160+240", "answer": "400"}
{"grade": "三", "no": "322", "question": "440-190", "answer": "250"}
{"grade": "三", "no": "323", "question": "280+120", "answer": "400"}
{"grade": "三", "no": "324", "question": "360-140", "answer": "220"}
{"grade": "三", "no": "325", "question": "190+210", "answer": "400"}
{"grade": "三", "no": "326", "question": "400-180", "answer": "220"}
{"grade": "三", "no": "327", "question": "225+275", "answer": "500"}
{"grade": "三", "no": "328", "question": "350-100", "answer": "250"}
{"grade": "三", "no": "329", "question": "100+400", "answer": "500"}
{"grade": "三", "no": "330", "question": "480-230", "answer": "250"}
{"grade": "三", "no": "331", "question": "270+130", "answer": "400"}
{"grade": "三", "no": "332", "question": "310-90", "answer": "220"}
{"grade": "三", "no": "333", "question": "150+250", "answer": "400"}
{"grade": "三", "no": "334", "question": "460-160", "answer": "300"}
{"grade": "三", "no": "335", "question": "290+110", "answer": "400"}
{"grade": "三", "no": "336", "question": "340-120", "answer": "220"}
{"grade": "三", "no": "337", "question": "120+380", "answer": "500"}
{"grade": "三", "no": "338", "question": "430-210", "answer": "220"}
{"grade": "三", "no": "339", "question": "260+140", "answer": "400"}
{"grade": "三", "no": "340", "question": "330-80", "answer": "250"}
{"grade": "三", "no": "341", "question": "135+265", "answer": "400"}
{"grade": "三", "no": "342", "question": "455-120", "answer": "335"}
{"grade": "三", "no": "343", "question": "205+195", "answer": "400"}
{"grade": "三", "no": "344", "question": "370-75", "answer": "295"}
{"grade": "三", "no": "345", "question": "115+385", "answer": "500"}
{"grade": "三", "no": "346", "question": "490-10", "answer": "480"}
{"grade": "三", "no": "347", "question": "245+155", "answer": "400"}
{"grade": "三", "no": "348", "question": "325-75", "answer": "250"}
{"grade": "三", "no": "349", "question": "185+215", "answer": "400"}
{"grade": "三", "no": "350", "question": "415-105", "answer": "310"}
{"grade": "三", "no": "351", "question": "5x32", "answer": "160"}
{"grade": "三", "no": "352", "question": "7x13", "answer": "91"}
{"grade": "三", "no": "353", "question": "3x56", "answer": "168"}
{"grade": "三", "no": "354", "question": "4x21", "answer": "84"}
{"grade": "三", "no": "355", "question": "9x11", "answer": "99"}
{"grade": "三", "no": "356", "question": "6x70", "answer": "420"}
{"grade": "三", "no": "357", "question": "2x45", "answer": "90"}
{"grade": "三", "no": "358", "question": "8x15", "answer": "120"}
{"grade": "三", "no": "359", "question": "1x99", "answer": "99"}
{"grade": "三", "no": "360", "question": "7x20", "answer": "140"}
{"grade": "三", "no": "361", "question": "5x18", "answer": "90"}
{"grade": "三", "no": "362", "question": "3x29", "answer": "87"}
{"grade": "三", "no": "363", "question": "4x35", "answer": "140"}
{"grade": "三", "no": "364", "question": "9x12", "answer": "108"}
{"grade": "三", "no": "365", "question": "6x41", "answer": "246"}
{"grade": "三", "no": "366", "question": "2x38", "answer": "76"}
{"grade": "三", "no": "367", "question": "8x25", "answer": "200"}
{"grade": "三", "no": "368", "question": "1x87", "answer": "87"}
{"grade": "三", "no": "369", "question": "7x14", "answer": "98"}
{"grade": "三", "no": "370", "question": "5x23", "answer": "115"}
{"grade": "三", "no": "371", "question": "3x40", "answer": "120"}
{"grade": "三", "no": "372", "question": "4x19", "answer": "76"}
{"grade": "三", "no": "373", "question": "9x20", "answer": "180"}
{"grade": "三", "no": "374", "question": "6x33", "answer": "198"}
{"grade": "三", "no": "375", "question": "2x49", "answer": "98"}
{"grade": "三", "no": "376", "question": "8x10", "answer": "80"}
{"grade": "三", "no": "377", "question": "1x75", "answer": "75"}
{"grade": "三", "no": "378", "question": "7x16", "answer": "112"}
{"grade": "三", "no": "379", "question": "5x25", "answer": "125"}
{"grade": "三", "no": "380", "question": "3x31", "answer": "93"}
{"grade": "三", "no": "381", "question": "4x22", "answer": "88"}
{"grade": "三", "no": "382", "question": "9x15", "answer": "135"}
{"grade": "三", "no": "383", "question": "6x45", "answer": "270"}
{"grade": "三", "no": "384", "question": "2x30", "answer": "60"}
{"grade": "三", "no": "385", "question": "8x18", "answer": "144"}
{"grade": "三", "no": "386", "question": "1x63", "answer": "63"}
{"grade": "三", "no": "387", "question": "7x11", "answer": "77"}
{"grade": "三", "no": "388", "question": "5x19", "answer": "95"}
{"grade": "三", "no": "389", "question": "3x21", "answer": "63"}
{"grade": "三", "no": "390", "question": "4x30", "answer": "120"}
{"grade": "三", "no": "391", "question": "9x10", "answer": "90"}
{"grade": "三", "no": "392", "question": "6x25", "answer": "150"}
{"grade": "三", "no": "393", "question": "2x40", "answer": "80"}
{"grade": "三", "no": "394", "question": "8x12", "answer": "96"}
{"grade": "三", "no": "395", "question": "1x50", "answer": "50"}
{"grade": "三", "no": "396", "question": "7x17", "answer": "119"}
{"grade": "三", "no": "397", "question": "5x20", "answer": "100"}
{"grade": "三", "no": "398", "question": "3x33", "answer": "99"}
{"grade": "三", "no": "399", "question": "4x25", "answer": "100"}
{"grade": "三", "no": "400", "question": "9x13", "answer": "117"}
