
  {
    "_id": "oCbNB1ypTzL1LToXKfcNoEwKIBiE",
    "_openid": "oCbNB1ypTzL1LToXKfcNoEwKIBiE",
    "avatarUrl": "wxfile://tmp_e7f3a2c1b4d5e6f8a9b0c1d2e3f4a5b6c7d8e9f0.jpeg",
    "lastUpdate": "Mon Nov 10 2025 14:23:18 GMT+0800 (中国标准时间)",
    "lastUpdateTime": "Sun Oct 19 2025 09:05:45 GMT+0800 (中国标准时间)",
    "nickName": "用户K",
    "totalCorrectCount": 7
  }
  {
    "_id": "oCbNB1ypTzL1LToXKfcNoEwKIBiF",
    "_openid": "oCbNB1ypTzL1LToXKfcNoEwKIBiF",
    "avatarUrl": "wxfile://tmp_a1b2c3d4e5f6a7b8c9d0e1f2a3b4c5d6e7f8a9b0.jpeg",
    "lastUpdate": "Fri Dec 19 2025 08:50:02 GMT+0800 (中国标准时间)",
    "lastUpdateTime": "Wed Oct 22 2025 17:11:30 GMT+0800 (中国标准时间)",
    "nickName": "用户L",
    "totalCorrectCount": 7
  }
  {
    "_id": "oCbNB1ypTzL1LToXKfcNoEwKIBiG",
    "_openid": "oCbNB1ypTzL1LToXKfcNoEwKIBiG",
    "avatarUrl": "wxfile://tmp_f0e9d8c7b6a5f4e3d2c1b0a9f8e7d6c5b4a3f2e1.jpeg",
    "lastUpdate": "Wed Oct 15 2025 21:09:55 GMT+0800 (中国标准时间)",
    "lastUpdateTime": "Tue Dec 09 2025 06:33:12 GMT+0800 (中国标准时间)",
    "nickName": "用户M",
    "totalCorrectCount": 7
  }
  {
    "_id": "oCbNB1ypTzL1LToXKfcNoEwKIBiH",
    "_openid": "oCbNB1ypTzL1LToXKfcNoEwKIBiH",
    "avatarUrl": "wxfile://tmp_1234567890abcdef1234567890abcdef.jpeg",
    "lastUpdate": "Sat Nov 29 2025 03:40:08 GMT+0800 (中国标准时间)",
    "lastUpdateTime": "Thu Oct 02 2025 11:22:01 GMT+0800 (中国标准时间)",
    "nickName": "用户N",
    "totalCorrectCount": 7
  }
  {
    "_id": "oCbNB1ypTzL1LToXKfcNoEwKIBiI",
    "_openid": "oCbNB1ypTzL1LToXKfcNoEwKIBiI",
    "avatarUrl": "wxfile://tmp_fedcba9876543210fedcba9876543210.jpeg",
    "lastUpdate": "Tue Dec 02 2025 19:15:20 GMT+0800 (中国标准时间)",
    "lastUpdateTime": "Mon Nov 17 2025 05:07:33 GMT+0800 (中国标准时间)",
    "nickName": "用户O",
    "totalCorrectCount":7
  }
  {
    "_id": "oCbNB1ypTzL1LToXKfcNoEwKIBiJ",
    "_openid": "oCbNB1ypTzL1LToXKfcNoEwKIBiJ",
    "avatarUrl": "wxfile://tmp_0123456789abcdef0123456789abcdef.jpeg",
    "lastUpdate": "Thu Nov 20 2025 10:30:10 GMT+0800 (中国标准时间)",
    "lastUpdateTime": "Wed Dec 24 2025 23:59:59 GMT+0800 (中国标准时间)",
    "nickName": "用户P",
    "totalCorrectCount": 7
  }
  {
    "_id": "oCbNB1ypTzL1LToXKfcNoEwKIBiK",
    "_openid": "oCbNB1ypTzL1LToXKfcNoEwKIBiK",
    "avatarUrl": "wxfile://tmp_abcdef0123456789abcdef0123456789.jpeg",
    "lastUpdate": "Sun Oct 05 2025 01:01:01 GMT+0800 (中国标准时间)",
    "lastUpdateTime": "Sat Nov 08 2025 18:44:22 GMT+0800 (中国标准时间)",
    "nickName": "用户Q",
    "totalCorrectCount": 7
  }
  {
    "_id": "oCbNB1ypTzL1LToXKfcNoEwKIBiL",
    "_openid": "oCbNB1ypTzL1LToXKfcNoEwKIBiL",
    "avatarUrl": "wxfile://tmp_9876543210fedcba9876543210fedcba.jpeg",
    "lastUpdate": "Fri Dec 26 2025 16:00:00 GMT+0800 (中国标准时间)",
    "lastUpdateTime": "Thu Oct 30 2025 07:13:05 GMT+0800 (中国标准时间)",
    "nickName": "用户R",
    "totalCorrectCount": 7
  }
  {
    "_id": "oCbNB1ypTzL1LToXKfcNoEwKIBiM",
    "_openid": "oCbNB1ypTzL1LToXKfcNoEwKIBiM",
    "avatarUrl": "wxfile://tmp_b1c2d3e4f5a6b7c8d9e0f1a2b3c4d5e6.jpeg",
    "lastUpdate": "Wed Nov 12 2025 20:20:20 GMT+0800 (中国标准时间)",
    "lastUpdateTime": "Tue Dec 16 2025 11:55:10 GMT+0800 (中国标准时间)",
    "nickName": "用户S",
    "totalCorrectCount": 6
  }
  {
    "_id": "oCbNB1ypTzL1LToXKfcNoEwKIBiN",
    "_openid": "oCbNB1ypTzL1LToXKfcNoEwKIBiN",
    "avatarUrl": "wxfile://tmp_e6f5d4c3b2a1e0f9d8c7b6a5f4e3d2c1.jpeg",
    "lastUpdate": "Mon Oct 27 2025 04:00:00 GMT+0800 (中国标准时间)",
    "lastUpdateTime": "Sun Nov 09 2025 15:30:40 GMT+0800 (中国标准时间)",
    "nickName": "用户T",
    "totalCorrectCount": 6
  }
  {
    "_id": "oCbNB1ypTzL1LToXKfcNoEwKIBiO",
    "_openid": "oCbNB1ypTzL1LToXKfcNoEwKIBiO",
    "avatarUrl": "wxfile://tmp_3a2b1c4d5e6f7a8b9c0d1e2f3a4b5c6d.jpeg",
    "lastUpdate": "Sat Dec 13 2025 07:07:07 GMT+0800 (中国标准时间)",
    "lastUpdateTime": "Fri Oct 03 2025 22:18:00 GMT+0800 (中国标准时间)",
    "nickName": "用户U",
    "totalCorrectCount": 6
  }
  {
    "_id": "oCbNB1ypTzL1LToXKfcNoEwKIBiP",
    "_openid": "oCbNB1ypTzL1LToXKfcNoEwKIBiP",
    "avatarUrl": "wxfile://tmp_7f6e5d4c3b2a1f0e9d8c7b6a5f4e3d2c.jpeg",
    "lastUpdate": "Thu Nov 06 2025 13:13:13 GMT+0800 (中国标准时间)",
    "lastUpdateTime": "Wed Dec 10 2025 08:08:08 GMT+0800 (中国标准时间)",
    "nickName": "用户V",
    "totalCorrectCount": 6
  }
  {
    "_id": "oCbNB1ypTzL1LToXKfcNoEwKIBiQ",
    "_openid": "oCbNB1ypTzL1LToXKfcNoEwKIBiQ",
    "avatarUrl": "wxfile://tmp_c8d7e6f5a4b3c2d1e0f9a8b7c6d5e4f3.jpeg",
    "lastUpdate": "Tue Oct 21 2025 11:00:00 GMT+0800 (中国标准时间)",
    "lastUpdateTime": "Mon Nov 24 2025 19:40:50 GMT+0800 (中国标准时间)",
    "nickName": "用户W",
    "totalCorrectCount": 6
  }
  {
    "_id": "oCbNB1ypTzL1LToXKfcNoEwKIBiR",
    "_openid": "oCbNB1ypTzL1LToXKfcNoEwKIBiR",
    "avatarUrl": "wxfile://tmp_5b4a3c2d1e0f9a8b7c6d5e4f3a2b1c0d.jpeg",
    "lastUpdate": "Sun Dec 28 2025 00:00:00 GMT+0800 (中国标准时间)",
    "lastUpdateTime": "Sat Oct 11 2025 02:03:04 GMT+0800 (中国标准时间)",
    "nickName": "用户X",
    "totalCorrectCount": 6
  }
  {
    "_id": "oCbNB1ypTzL1LToXKfcNoEwKIBiS",
    "_openid": "oCbNB1ypTzL1LToXKfcNoEwKIBiS",
    "avatarUrl": "wxfile://tmp_f1e2d3c4b5a6f7e8d9c0b1a2f3e4d5c6.jpeg",
    "lastUpdate": "Fri Nov 14 2025 09:30:00 GMT+0800 (中国标准时间)",
    "lastUpdateTime": "Thu Dec 18 2025 14:15:16 GMT+0800 (中国标准时间)",
    "nickName": "用户Y",
    "totalCorrectCount": 6
  }
  {
    "_id": "oCbNB1ypTzL1LToXKfcNoEwKIBiT",
    "_openid": "oCbNB1ypTzL1LToXKfcNoEwKIBiT",
    "avatarUrl": "wxfile://tmp_a0b9c8d7e6f5a4b3c2d1e0f9a8b7c6d5.jpeg",
    "lastUpdate": "Wed Oct 08 2025 17:50:55 GMT+0800 (中国标准时间)",
    "lastUpdateTime": "Tue Nov 04 2025 06:20:10 GMT+0800 (中国标准时间)",
    "nickName": "用户Z",
    "totalCorrectCount": 6
  }
  {
    "_id": "oCbNB1ypTzL1LToXKfcNoEwKIBiU",
    "_openid": "oCbNB1ypTzL1LToXKfcNoEwKIBiU",
    "avatarUrl": "wxfile://tmp_2c1b4d5e6f8a9b0c1d2e3f4a5b6c7d8e.jpeg",
    "lastUpdate": "Mon Dec 01 2025 23:00:00 GMT+0800 (中国标准时间)",
    "lastUpdateTime": "Sun Oct 26 2025 10:10:10 GMT+0800 (中国标准时间)",
    "nickName": "用户AA",
    "totalCorrectCount": 6
  }
  {
    "_id": "oCbNB1ypTzL1LToXKfcNoEwKIBiV",
    "_openid": "oCbNB1ypTzL1LToXKfcNoEwKIBiV",
    "avatarUrl": "wxfile://tmp_6f8a9b0c1d2e3f4a5b6c7d8e9f0a1b2c.jpeg",
    "lastUpdate": "Sat Nov 22 2025 05:05:05 GMT+0800 (中国标准时间)",
    "lastUpdateTime": "Fri Dec 05 2025 16:30:25 GMT+0800 (中国标准时间)",
    "nickName": "用户AB",
    "totalCorrectCount": 6
  }
  {
    "_id": "oCbNB1ypTzL1LToXKfcNoEwKIBiW",
    "_openid": "oCbNB1ypTzL1LToXKfcNoEwKIBiW",
    "avatarUrl": "wxfile://tmp_d1e2f3a4b5c6d7e8f9a0b1c2d3e4f5a6.jpeg",
    "lastUpdate": "Thu Oct 16 2025 12:45:30 GMT+0800 (中国标准时间)",
    "lastUpdateTime": "Wed Nov 19 2025 09:00:00 GMT+0800 (中国标准时间)",
    "nickName": "用户AC",
    "totalCorrectCount": 5
  }
  {
    "_id": "oCbNB1ypTzL1LToXKfcNoEwKIBiX",
    "_openid": "oCbNB1ypTzL1LToXKfcNoEwKIBiX",
    "avatarUrl": "wxfile://tmp_8a9b0c1d2e3f4a5b6c7d8e9f0a1b2c3d.jpeg",
    "lastUpdate": "Tue Dec 09 2025 18:18:18 GMT+0800 (中国标准时间)",
    "lastUpdateTime": "Mon Oct 13 2025 03:03:03 GMT+0800 (中国标准时间)",
    "nickName": "用户AD",
    "totalCorrectCount": 5
  }
  {
    "_id": "oCbNB1ypTzL1LToXKfcNoEwKIBiY",
    "_openid": "oCbNB1ypTzL1LToXKfcNoEwKIBiY",
    "avatarUrl": "wxfile://tmp_4e5f6a7b8c9d0e1f2a3b4c5d6e7f8a9b.jpeg",
    "lastUpdate": "Sun Nov 30 2025 00:00:00 GMT+0800 (中国标准时间)",
    "lastUpdateTime": "Sat Dec 27 2025 15:50:40 GMT+0800 (中国标准时间)",
    "nickName": "用户AE",
    "totalCorrectCount": 5
  }
  {
    "_id": "oCbNB1ypTzL1LToXKfcNoEwKIBiZ",
    "_openid": "oCbNB1ypTzL1LToXKfcNoEwKIBiZ",
    "avatarUrl": "wxfile://tmp_a2b3c4d5e6f7a8b9c0d1e2f3a4b5c6d7.jpeg",
    "lastUpdate": "Fri Oct 24 2025 21:21:21 GMT+0800 (中国标准时间)",
    "lastUpdateTime": "Thu Nov 06 2025 11:11:11 GMT+0800 (中国标准时间)",
    "nickName": "用户AF",
    "totalCorrectCount": 5
  }
  {
    "_id": "oCbNB1ypTzL1LToXKfcNoEwKIBi0",
    "_openid": "oCbNB1ypTzL1LToXKfcNoEwKIBi0",
    "avatarUrl": "wxfile://tmp_e8f7d6c5b4a3e2f1d0c9b8a7f6e5d4c3.jpeg",
    "lastUpdate": "Wed Dec 24 2025 08:30:00 GMT+0800 (中国标准时间)",
    "lastUpdateTime": "Tue Oct 07 2025 17:00:00 GMT+0800 (中国标准时间)",
    "nickName": "用户AG",
    "totalCorrectCount": 5
  }
  {
    "_id": "oCbNB1ypTzL1LToXKfcNoEwKIBi1",
    "_openid": "oCbNB1ypTzL1LToXKfcNoEwKIBi1",
    "avatarUrl": "wxfile://tmp_1a2b3c4d5e6f7a8b9c0d1e2f3a4b5c6d.jpeg",
    "lastUpdate": "Mon Nov 17 2025 14:00:00 GMT+0800 (中国标准时间)",
    "lastUpdateTime": "Sun Dec 21 2025 09:45:00 GMT+0800 (中国标准时间)",
    "nickName": "用户AH",
    "totalCorrectCount": 5
  }
  {
    "_id": "oCbNB1ypTzL1LToXKfcNoEwKIBi2",
    "_openid": "oCbNB1ypTzL1LToXKfcNoEwKIBi2",
    "avatarUrl": "wxfile://tmp_5f6e7d8c9b0a1f2e3d4c5b6a7f8e9d0c.jpeg",
    "lastUpdate": "Sat Oct 04 2025 06:15:00 GMT+0800 (中国标准时间)",
    "lastUpdateTime": "Fri Nov 28 2025 20:00:00 GMT+0800 (中国标准时间)",
    "nickName": "用户AI",
    "totalCorrectCount": 5
  }
  {
    "_id": "oCbNB1ypTzL1LToXKfcNoEwKIBi3",
    "_openid": "oCbNB1ypTzL1LToXKfcNoEwKIBi3",
    "avatarUrl": "wxfile://tmp_9c8b7a6d5e4f3c2b1a0d9e8f7c6b5a4d.jpeg",
    "lastUpdate": "Thu Dec 11 2025 10:20:30 GMT+0800 (中国标准时间)",
    "lastUpdateTime": "Wed Oct 29 2025 04:00:00 GMT+0800 (中国标准时间)",
    "nickName": "用户AJ",
    "totalCorrectCount": 0
  }
  {
    "_id": "oCbNB1ypTzL1LToXKfcNoEwKIBi4",
    "_openid": "oCbNB1ypTzL1LToXKfcNoEwKIBi4",
    "avatarUrl": "wxfile://tmp_3e2d1c0b9a8f7e6d5c4b3a2d1e0f9c8b.jpeg",
    "lastUpdate": "Tue Nov 25 2025 16:00:00 GMT+0800 (中国标准时间)",
    "lastUpdateTime": "Mon Dec 08 2025 22:10:00 GMT+0800 (中国标准时间)",
    "nickName": "用户AK",
    "totalCorrectCount": 0
  }
  {
    "_id": "oCbNB1ypTzL1LToXKfcNoEwKIBi5",
    "_openid": "oCbNB1ypTzL1LToXKfcNoEwKIBi5",
    "avatarUrl": "wxfile://tmp_7b6a5d4c3e2f1b0a9d8c7e6f5b4a3d2c.jpeg",
    "lastUpdate": "Sun Oct 19 2025 09:00:00 GMT+0800 (中国标准时间)",
    "lastUpdateTime": "Sat Nov 01 2025 13:30:00 GMT+0800 (中国标准时间)",
    "nickName": "用户AL",
    "totalCorrectCount": 0
  }
  {
    "_id": "oCbNB1ypTzL1LToXKfcNoEwKIBi6",
    "_openid": "oCbNB1ypTzL1LToXKfcNoEwKIBi6",
    "avatarUrl": "wxfile://tmp_c4b3a2d1e0f9c8b7a6d5e4f3c2b1a0d9.jpeg",
    "lastUpdate": "Fri Dec 05 2025 01:01:01 GMT+0800 (中国标准时间)",
    "lastUpdateTime": "Thu Oct 23 2025 18:25:00 GMT+0800 (中国标准时间)",
    "nickName": "用户AM",
    "totalCorrectCount": 0
  }
  {
    "_id": "oCbNB1ypTzL1LToXKfcNoEwKIBi7",
    "_openid": "oCbNB1ypTzL1LToXKfcNoEwKIBi7",
    "avatarUrl": "wxfile://tmp_0f9e8d7c6b5a4f3e2d1c0b9a8f7e6d5c.jpeg",
    "lastUpdate": "Wed Nov 12 2025 15:15:15 GMT+0800 (中国标准时间)",
    "lastUpdateTime": "Tue Dec 30 2025 07:07:07 GMT+0800 (中国标准时间)",
    "nickName": "用户AN",
    "totalCorrectCount": 0
  }

